169.198.1.45,N/A,N/A,N/A,N/A,N/A,N/A,N/A
169.198.1.44,N/A,N/A,N/A,N/A,N/A,N/A,N/A
169.198.1.47,N/A,N/A,N/A,N/A,N/A,N/A,N/A
169.198.1.46,N/A,N/A,N/A,N/A,N/A,N/A,N/A
169.198.1.41,autozone.com ,Certificate Unknown.,q-extportal-web02.autozone.com counsellink.autozone.com ,80 ,United States,AutoZone,AS16677
169.198.1.40,N/A,N/A,N/A,N/A,N/A,N/A,N/A
169.198.1.43,N/A,N/A,N/A,N/A,N/A,N/A,N/A
169.198.1.42,N/A,N/A,N/A,N/A,N/A,N/A,N/A
169.198.1.49,N/A,N/A,N/A,N/A,N/A,N/A,N/A
169.198.1.48,N/A,N/A,N/A,N/A,N/A,N/A,N/A
169.198.1.183,N/A,N/A,N/A,N/A,N/A,N/A,N/A
169.198.1.182,autozone.com ,Certificate Expired: False,azeotest.autozone.com ,443 ,United States,AutoZone,AS16677
169.198.1.181,N/A,N/A,N/A,N/A,N/A,N/A,N/A
169.198.1.180,N/A,N/A,N/A,N/A,N/A,N/A,N/A
169.198.1.187,N/A,N/A,N/A,N/A,N/A,N/A,N/A
169.198.1.186,autozone.com.mx ,Certificate Expired: False,autozone.com.mx ,443 80 ,United States,AutoZone,AS16677
169.198.1.185,N/A,N/A,N/A,N/A,N/A,N/A,N/A
169.198.1.184,N/A,N/A,N/A,N/A,N/A,N/A,N/A
169.198.1.189,N/A,N/A,N/A,N/A,N/A,N/A,N/A
169.198.1.188,N/A,N/A,N/A,N/A,N/A,N/A,N/A
169.198.1.253,N/A,N/A,N/A,N/A,N/A,N/A,N/A
169.198.1.252,N/A,N/A,N/A,N/A,N/A,N/A,N/A
169.198.1.109,N/A,N/A,N/A,N/A,N/A,N/A,N/A
169.198.1.108,autozone.com ,Certificate Unknown.,specter2.autozone.com ,80 ,United States,AutoZone,AS16677
169.198.1.255,N/A,N/A,N/A,N/A,N/A,N/A,N/A
169.198.1.254,N/A,N/A,N/A,N/A,N/A,N/A,N/A
169.198.1.103,N/A,N/A,N/A,N/A,N/A,N/A,N/A
169.198.1.102,N/A,N/A,N/A,N/A,N/A,N/A,N/A
169.198.1.101,N/A,N/A,N/A,N/A,N/A,N/A,N/A
169.198.1.100,N/A,N/A,N/A,N/A,N/A,N/A,N/A
169.198.1.107,N/A,N/A,N/A,N/A,N/A,N/A,N/A
169.198.1.106,N/A,N/A,N/A,N/A,N/A,N/A,N/A
169.198.1.105,N/A,N/A,N/A,N/A,N/A,N/A,N/A
169.198.1.104,autozone.com ,Certificate Unknown.,tiguan.autozone.com ,80 ,United States,AutoZone,AS16677
169.198.1.30,autozonerealestate.com ,Certificate Unknown.,autozonerealestate.com ,80 ,United States,AutoZone,AS16677
169.198.1.31,autozone.com ,Certificate Expired: False,q-cwaa-web01.autozone.com taurus.autozone.com ,443 ,United States,AutoZone,AS16677
169.198.1.32,N/A,N/A,N/A,N/A,N/A,N/A,N/A
169.198.1.33,N/A,N/A,N/A,N/A,N/A,N/A,N/A
169.198.1.34,N/A,N/A,N/A,N/A,N/A,N/A,N/A
169.198.1.35,N/A,N/A,N/A,N/A,N/A,N/A,N/A
169.198.1.36,N/A,N/A,N/A,N/A,N/A,N/A,N/A
169.198.1.37,N/A,N/A,N/A,N/A,N/A,N/A,N/A
169.198.1.38,N/A,N/A,N/A,N/A,N/A,N/A,N/A
169.198.1.39,N/A,N/A,N/A,N/A,N/A,N/A,N/A
169.198.1.196,N/A,N/A,N/A,N/A,N/A,N/A,N/A
169.198.1.197,N/A,N/A,N/A,N/A,N/A,N/A,N/A
169.198.1.190,N/A,N/A,N/A,N/A,N/A,N/A,N/A
169.198.1.191,N/A,N/A,N/A,N/A,N/A,N/A,N/A
169.198.1.192,autozone.com ,Certificate Expired: False,azprint.autozone.com ,443 ,United States,AutoZone,AS16677
169.198.1.193,N/A,N/A,N/A,N/A,N/A,N/A,N/A
169.198.1.210,autozone.com ,Certificate Expired: False,pr-deluxe1-dl06.autozone.com ,443 ,United States,AutoZone,AS16677
169.198.1.249,autozone.com ,Certificate Unknown.,productinfo.autozone.com ,80 ,United States,AutoZone,AS16677
169.198.1.244,N/A,N/A,N/A,N/A,N/A,N/A,N/A
169.198.1.245,N/A,N/A,N/A,N/A,N/A,N/A,N/A
169.198.1.246,N/A,N/A,N/A,N/A,N/A,N/A,N/A
169.198.1.247,N/A,N/A,N/A,N/A,N/A,N/A,N/A
169.198.1.240,N/A,N/A,N/A,N/A,N/A,N/A,N/A
169.198.1.241,N/A,N/A,N/A,N/A,N/A,N/A,N/A
169.198.1.242,N/A,N/A,N/A,N/A,N/A,N/A,N/A
169.198.1.243,N/A,N/A,N/A,N/A,N/A,N/A,N/A
169.198.1.114,autozonepro.com ,Certificate Unknown.,e.autozonepro.com ,80 ,United States,AutoZone,AS16677
169.198.1.115,N/A,N/A,N/A,N/A,N/A,N/A,N/A
169.198.1.116,N/A,N/A,N/A,N/A,N/A,N/A,N/A
169.198.1.117,N/A,N/A,N/A,N/A,N/A,N/A,N/A
169.198.1.110,N/A,N/A,N/A,N/A,N/A,N/A,N/A
169.198.1.111,N/A,N/A,N/A,N/A,N/A,N/A,N/A
169.198.1.112,N/A,N/A,N/A,N/A,N/A,N/A,N/A
169.198.1.113,N/A,N/A,N/A,N/A,N/A,N/A,N/A
169.198.1.118,N/A,N/A,N/A,N/A,N/A,N/A,N/A
169.198.1.119,N/A,N/A,N/A,N/A,N/A,N/A,N/A
169.198.1.23,N/A,N/A,N/A,N/A,N/A,N/A,N/A
169.198.1.22,autozone.com ,Certificate Unknown.,ns1.autozone.com ,53 ,United States,AutoZone,AS16677
169.198.1.21,No Historical Domain Name Information.,Certificate Unknown.,No Historical Hostname Information.,53 ,United States,AutoZone,AS16677
169.198.1.20,autozone.com ,Certificate Unknown.,firefly.autozone.com ,80 53 ,United States,AutoZone,AS16677
169.198.1.27,duralastparts.com autozone.com ,Certificate Unknown.,duralastparts.com www.duralastparts.com iss1.autozone.com ,80 ,United States,AutoZone,AS16677
169.198.1.26,autozone.com ,Certificate Unknown.,openwebs.autozone.com ,80 443 ,United States,AutoZone,AS16677
169.198.1.25,autozone.com ,Certificate Unknown.,gemini.autozone.com ,80 443 ,United States,AutoZone,AS16677
169.198.1.24,N/A,N/A,N/A,N/A,N/A,N/A,N/A
169.198.1.29,autozoneexcessproperty.com ,Certificate Unknown.,autozoneexcessproperty.com www.autozoneexcessproperty.com ,80 ,United States,AutoZone,AS16677
169.198.1.28,autozoneproperties.com ,Certificate Unknown.,autozoneproperties.com www.autozoneproperties.com ,80 ,United States,AutoZone,AS16677
169.198.1.239,N/A,N/A,N/A,N/A,N/A,N/A,N/A
169.198.1.238,N/A,N/A,N/A,N/A,N/A,N/A,N/A
169.198.1.231,No Historical Domain Name Information.,Certificate Unknown.,No Historical Hostname Information.,80 ,United States,AutoZone,AS16677
169.198.1.230,No Historical Domain Name Information.,Certificate Unknown.,No Historical Hostname Information.,80 ,United States,AutoZone,AS16677
169.198.1.233,autozonepro.com ,Certificate Expired: False,autozonepro.com ,443 80 ,United States,AutoZone,AS16677
169.198.1.232,N/A,N/A,N/A,N/A,N/A,N/A,N/A
169.198.1.235,N/A,N/A,N/A,N/A,N/A,N/A,N/A
169.198.1.234,N/A,N/A,N/A,N/A,N/A,N/A,N/A
169.198.1.237,No Historical Domain Name Information.,Certificate Unknown.,No Historical Hostname Information.,80 ,United States,AutoZone,AS16677
169.198.1.236,N/A,N/A,N/A,N/A,N/A,N/A,N/A
169.198.1.161,N/A,N/A,N/A,N/A,N/A,N/A,N/A
169.198.1.160,N/A,N/A,N/A,N/A,N/A,N/A,N/A
169.198.1.163,N/A,N/A,N/A,N/A,N/A,N/A,N/A
169.198.1.162,N/A,N/A,N/A,N/A,N/A,N/A,N/A
169.198.1.165,N/A,N/A,N/A,N/A,N/A,N/A,N/A
169.198.1.164,N/A,N/A,N/A,N/A,N/A,N/A,N/A
169.198.1.167,N/A,N/A,N/A,N/A,N/A,N/A,N/A
169.198.1.166,N/A,N/A,N/A,N/A,N/A,N/A,N/A
169.198.1.169,N/A,N/A,N/A,N/A,N/A,N/A,N/A
169.198.1.168,N/A,N/A,N/A,N/A,N/A,N/A,N/A
169.198.1.219,N/A,N/A,N/A,N/A,N/A,N/A,N/A
169.198.1.250,N/A,N/A,N/A,N/A,N/A,N/A,N/A
169.198.1.218,N/A,N/A,N/A,N/A,N/A,N/A,N/A
169.198.1.251,autozone.com ,Certificate Unknown.,autozone.com ,80 443 ,United States,AutoZone,AS16677
169.198.1.208,N/A,N/A,N/A,N/A,N/A,N/A,N/A
169.198.1.228,autozonedresscode.com ,Certificate Unknown.,*.autozonedresscode.com ,80 ,United States,AutoZone,AS16677
169.198.1.229,No Historical Domain Name Information.,Certificate Unknown.,No Historical Hostname Information.,80 ,United States,AutoZone,AS16677
169.198.1.222,autozone.com ,Certificate Expired: False,pr-malibu1-dx02.autozone.com ,443 ,United States,AutoZone,AS16677
169.198.1.223,autozone.com ,Certificate Expired: False,authexttest.autozone.com ,443 ,United States,AutoZone,AS16677
169.198.1.220,autozone.com ,Certificate Expired: False,eportal.autozone.com ,443 80 ,United States,AutoZone,AS16677
169.198.1.221,autozone.com ,Certificate Expired: False,pr-malibu1-dx01.autozone.com ,443 ,United States,AutoZone,AS16677
169.198.1.226,N/A,N/A,N/A,N/A,N/A,N/A,N/A
169.198.1.227,autozone.com ,Certificate Expired: False,azeo.autozone.com ssc-azeo.autozone.com ,443 ,United States,AutoZone,AS16677
169.198.1.224,N/A,N/A,N/A,N/A,N/A,N/A,N/A
169.198.1.225,N/A,N/A,N/A,N/A,N/A,N/A,N/A
169.198.1.172,N/A,N/A,N/A,N/A,N/A,N/A,N/A
169.198.1.173,N/A,N/A,N/A,N/A,N/A,N/A,N/A
169.198.1.170,N/A,N/A,N/A,N/A,N/A,N/A,N/A
169.198.1.171,N/A,N/A,N/A,N/A,N/A,N/A,N/A
169.198.1.176,N/A,N/A,N/A,N/A,N/A,N/A,N/A
169.198.1.177,N/A,N/A,N/A,N/A,N/A,N/A,N/A
169.198.1.174,N/A,N/A,N/A,N/A,N/A,N/A,N/A
169.198.1.175,N/A,N/A,N/A,N/A,N/A,N/A,N/A
169.198.1.178,N/A,N/A,N/A,N/A,N/A,N/A,N/A
169.198.1.179,N/A,N/A,N/A,N/A,N/A,N/A,N/A
169.198.1.209,N/A,N/A,N/A,N/A,N/A,N/A,N/A
169.198.1.211,autozone.com ,Certificate Expired: False,pm.autozone.com ,443 80 ,United States,AutoZone,AS16677
169.198.1.217,N/A,N/A,N/A,N/A,N/A,N/A,N/A
169.198.1.216,N/A,N/A,N/A,N/A,N/A,N/A,N/A
169.198.1.215,N/A,N/A,N/A,N/A,N/A,N/A,N/A
169.198.1.214,N/A,N/A,N/A,N/A,N/A,N/A,N/A
169.198.1.213,N/A,N/A,N/A,N/A,N/A,N/A,N/A
169.198.1.212,N/A,N/A,N/A,N/A,N/A,N/A,N/A
169.198.1.149,N/A,N/A,N/A,N/A,N/A,N/A,N/A
169.198.1.148,N/A,N/A,N/A,N/A,N/A,N/A,N/A
169.198.1.147,N/A,N/A,N/A,N/A,N/A,N/A,N/A
169.198.1.146,N/A,N/A,N/A,N/A,N/A,N/A,N/A
169.198.1.145,autozone.com.br ,Certificate Unknown.,autozone.com.br www.autozone.com.br ,80 ,United States,AutoZone,AS16677
169.198.1.144,N/A,N/A,N/A,N/A,N/A,N/A,N/A
169.198.1.143,N/A,N/A,N/A,N/A,N/A,N/A,N/A
169.198.1.142,N/A,N/A,N/A,N/A,N/A,N/A,N/A
169.198.1.141,N/A,N/A,N/A,N/A,N/A,N/A,N/A
169.198.1.140,autozone.com ,Certificate Expired: False,authext.autozone.com ,443 ,United States,AutoZone,AS16677
169.198.1.96,N/A,N/A,N/A,N/A,N/A,N/A,N/A
169.198.1.97,N/A,N/A,N/A,N/A,N/A,N/A,N/A
169.198.1.94,N/A,N/A,N/A,N/A,N/A,N/A,N/A
169.198.1.95,N/A,N/A,N/A,N/A,N/A,N/A,N/A
169.198.1.92,autozone.com ,Certificate Expired: False,ags.autozone.com ,443 ,United States,AutoZone,AS16677
169.198.1.93,N/A,N/A,N/A,N/A,N/A,N/A,N/A
169.198.1.90,autozonecares.com ,Certificate Unknown.,*.autozonecares.com autozonecares.com ,80 ,United States,AutoZone,AS16677
169.198.1.91,autozonerewards.com ,Certificate Unknown.,autozonerewards.com ,80 443 ,United States,AutoZone,AS16677
169.198.1.98,N/A,N/A,N/A,N/A,N/A,N/A,N/A
169.198.1.99,autozoneinc.com ,Certificate Unknown.,autozoneinc.com www.autozoneinc.com ,80 ,United States,AutoZone,AS16677
169.198.1.18,autozone.com ,Certificate Expired: False,gemini1.autozone.com ,443 ,United States,AutoZone,AS16677
169.198.1.19,N/A,N/A,N/A,N/A,N/A,N/A,N/A
169.198.1.16,No Historical Domain Name Information.,Certificate Unknown.,No Historical Hostname Information.,53 ,United States,AutoZone,AS16677
169.198.1.17,N/A,N/A,N/A,N/A,N/A,N/A,N/A
169.198.1.14,N/A,N/A,N/A,N/A,N/A,N/A,N/A
169.198.1.15,autozone.com ,Certificate Expired: False,gemini2.autozone.com ,443 ,United States,AutoZone,AS16677
169.198.1.12,autozone.com ,Certificate Unknown.,ns3.autozone.com mem-edns-2.autozone.com ,53 ,United States,AutoZone,AS16677
169.198.1.13,N/A,N/A,N/A,N/A,N/A,N/A,N/A
169.198.1.10,N/A,N/A,N/A,N/A,N/A,N/A,N/A
169.198.1.11,N/A,N/A,N/A,N/A,N/A,N/A,N/A
169.198.1.78,N/A,N/A,N/A,N/A,N/A,N/A,N/A
169.198.1.79,N/A,N/A,N/A,N/A,N/A,N/A,N/A
169.198.1.74,N/A,N/A,N/A,N/A,N/A,N/A,N/A
169.198.1.75,N/A,N/A,N/A,N/A,N/A,N/A,N/A
169.198.1.76,N/A,N/A,N/A,N/A,N/A,N/A,N/A
169.198.1.77,N/A,N/A,N/A,N/A,N/A,N/A,N/A
169.198.1.70,No Historical Domain Name Information.,Certificate Unknown.,No Historical Hostname Information.,80 443 ,United States,AutoZone,AS16677
169.198.1.71,No Historical Domain Name Information.,Certificate Unknown.,No Historical Hostname Information.,80 ,United States,AutoZone,AS16677
169.198.1.72,No Historical Domain Name Information.,Certificate Unknown.,No Historical Hostname Information.,80 ,United States,AutoZone,AS16677
169.198.1.73,N/A,N/A,N/A,N/A,N/A,N/A,N/A
169.198.1.158,N/A,N/A,N/A,N/A,N/A,N/A,N/A
169.198.1.159,N/A,N/A,N/A,N/A,N/A,N/A,N/A
169.198.1.202,N/A,N/A,N/A,N/A,N/A,N/A,N/A
169.198.1.203,autozone.com ,Certificate Expired: False,mobiledc.autozone.com pr-squire1-dl05.autozone.com ,443 ,United States,AutoZone,AS16677
169.198.1.204,autozone.com ,Certificate Expired: False,pr-squire1-dl06.autozone.com mobilest.autozone.com ,443 ,United States,AutoZone,AS16677
169.198.1.205,N/A,N/A,N/A,N/A,N/A,N/A,N/A
169.198.1.206,N/A,N/A,N/A,N/A,N/A,N/A,N/A
169.198.1.207,N/A,N/A,N/A,N/A,N/A,N/A,N/A
169.198.1.150,N/A,N/A,N/A,N/A,N/A,N/A,N/A
169.198.1.151,autozone.com ,Certificate Expired: False,cerberus.autozone.com ,443 ,United States,AutoZone,AS16677
169.198.1.152,N/A,N/A,N/A,N/A,N/A,N/A,N/A
169.198.1.153,N/A,N/A,N/A,N/A,N/A,N/A,N/A
169.198.1.154,N/A,N/A,N/A,N/A,N/A,N/A,N/A
169.198.1.155,N/A,N/A,N/A,N/A,N/A,N/A,N/A
169.198.1.156,N/A,N/A,N/A,N/A,N/A,N/A,N/A
169.198.1.157,N/A,N/A,N/A,N/A,N/A,N/A,N/A
169.198.1.81,N/A,N/A,N/A,N/A,N/A,N/A,N/A
169.198.1.80,N/A,N/A,N/A,N/A,N/A,N/A,N/A
169.198.1.83,N/A,N/A,N/A,N/A,N/A,N/A,N/A
169.198.1.82,No Historical Domain Name Information.,Certificate Unknown.,No Historical Hostname Information.,80 ,United States,AutoZone,AS16677
169.198.1.85,N/A,N/A,N/A,N/A,N/A,N/A,N/A
169.198.1.84,N/A,N/A,N/A,N/A,N/A,N/A,N/A
169.198.1.87,N/A,N/A,N/A,N/A,N/A,N/A,N/A
169.198.1.86,autozone.com.mx ,Certificate Unknown.,legacy.autozone.com.mx ,443 80 ,United States,AutoZone,AS16677
169.198.1.89,autozone.com ,Certificate Unknown.,bex1.autozone.com ,80 ,United States,AutoZone,AS16677
169.198.1.88,No Historical Domain Name Information.,Certificate Unknown.,No Historical Hostname Information.,80 ,United States,AutoZone,AS16677
169.198.1.69,N/A,N/A,N/A,N/A,N/A,N/A,N/A
169.198.1.68,N/A,N/A,N/A,N/A,N/A,N/A,N/A
169.198.1.67,No Historical Domain Name Information.,Certificate Unknown.,No Historical Hostname Information.,80 ,United States,AutoZone,AS16677
169.198.1.66,autozone.com ,Certificate Unknown.,eolite.autozone.com ,80 ,United States,AutoZone,AS16677
169.198.1.65,N/A,N/A,N/A,N/A,N/A,N/A,N/A
169.198.1.64,N/A,N/A,N/A,N/A,N/A,N/A,N/A
169.198.1.63,N/A,N/A,N/A,N/A,N/A,N/A,N/A
169.198.1.62,N/A,N/A,N/A,N/A,N/A,N/A,N/A
169.198.1.61,N/A,N/A,N/A,N/A,N/A,N/A,N/A
169.198.1.60,N/A,N/A,N/A,N/A,N/A,N/A,N/A
169.198.1.198,N/A,N/A,N/A,N/A,N/A,N/A,N/A
169.198.1.199,N/A,N/A,N/A,N/A,N/A,N/A,N/A
169.198.1.129,autozoners.com ,Certificate Expired: False,www.autozoners.com ,443 80 ,United States,AutoZone,AS16677
169.198.1.128,N/A,N/A,N/A,N/A,N/A,N/A,N/A
169.198.1.125,N/A,N/A,N/A,N/A,N/A,N/A,N/A
169.198.1.124,N/A,N/A,N/A,N/A,N/A,N/A,N/A
169.198.1.127,N/A,N/A,N/A,N/A,N/A,N/A,N/A
169.198.1.126,N/A,N/A,N/A,N/A,N/A,N/A,N/A
169.198.1.121,N/A,N/A,N/A,N/A,N/A,N/A,N/A
169.198.1.120,N/A,N/A,N/A,N/A,N/A,N/A,N/A
169.198.1.123,N/A,N/A,N/A,N/A,N/A,N/A,N/A
169.198.1.122,autozone.com ,Certificate Unknown.,mx.autozone.com ,25 ,United States,AutoZone,AS16677
169.198.1.194,N/A,N/A,N/A,N/A,N/A,N/A,N/A
169.198.1.195,N/A,N/A,N/A,N/A,N/A,N/A,N/A
169.198.1.58,N/A,N/A,N/A,N/A,N/A,N/A,N/A
169.198.1.59,N/A,N/A,N/A,N/A,N/A,N/A,N/A
169.198.1.52,N/A,N/A,N/A,N/A,N/A,N/A,N/A
169.198.1.53,N/A,N/A,N/A,N/A,N/A,N/A,N/A
169.198.1.50,N/A,N/A,N/A,N/A,N/A,N/A,N/A
169.198.1.51,N/A,N/A,N/A,N/A,N/A,N/A,N/A
169.198.1.56,N/A,N/A,N/A,N/A,N/A,N/A,N/A
169.198.1.57,N/A,N/A,N/A,N/A,N/A,N/A,N/A
169.198.1.54,N/A,N/A,N/A,N/A,N/A,N/A,N/A
169.198.1.55,N/A,N/A,N/A,N/A,N/A,N/A,N/A
169.198.1.8,N/A,N/A,N/A,N/A,N/A,N/A,N/A
169.198.1.9,N/A,N/A,N/A,N/A,N/A,N/A,N/A
169.198.1.4,autozone.com ,Certificate Unknown.,smtp.autozone.com ,25 ,United States,AutoZone,AS16677
169.198.1.5,No Historical Domain Name Information.,Certificate Unknown.,No Historical Hostname Information.,25 ,United States,AutoZone,AS16677
169.198.1.6,No Historical Domain Name Information.,Certificate Unknown.,No Historical Hostname Information.,25 ,United States,AutoZone,AS16677
169.198.1.7,No Historical Domain Name Information.,Certificate Unknown.,No Historical Hostname Information.,25 ,United States,AutoZone,AS16677
169.198.1.0,N/A,N/A,N/A,N/A,N/A,N/A,N/A
169.198.1.1,N/A,N/A,N/A,N/A,N/A,N/A,N/A
169.198.1.2,N/A,N/A,N/A,N/A,N/A,N/A,N/A
169.198.1.3,N/A,N/A,N/A,N/A,N/A,N/A,N/A
169.198.1.200,N/A,N/A,N/A,N/A,N/A,N/A,N/A
169.198.1.138,N/A,N/A,N/A,N/A,N/A,N/A,N/A
169.198.1.139,N/A,N/A,N/A,N/A,N/A,N/A,N/A
169.198.1.136,N/A,N/A,N/A,N/A,N/A,N/A,N/A
169.198.1.137,N/A,N/A,N/A,N/A,N/A,N/A,N/A
169.198.1.134,N/A,N/A,N/A,N/A,N/A,N/A,N/A
169.198.1.135,N/A,N/A,N/A,N/A,N/A,N/A,N/A
169.198.1.132,N/A,N/A,N/A,N/A,N/A,N/A,N/A
169.198.1.133,N/A,N/A,N/A,N/A,N/A,N/A,N/A
169.198.1.130,N/A,N/A,N/A,N/A,N/A,N/A,N/A
169.198.1.131,N/A,N/A,N/A,N/A,N/A,N/A,N/A
169.198.1.248,N/A,N/A,N/A,N/A,N/A,N/A,N/A
169.198.1.201,N/A,N/A,N/A,N/A,N/A,N/A,N/A
